project,facility_name,tollclass,PBA2050_RTP_ID,s2toll_mandatory,THRESHOLD_SPEED,MAX_TOLL,MIN_TOLL,Grouping major,Grouping minor,Project
Existing,Benicia-Martinez Bridge,1,,,,,,Bridge toll,Benicia-Martinez Bridge toll,
Existing,Carquinez Bridge,2,,,,,,Bridge toll,Carquinez Bridge toll,
Existing,Richmond-San Rafael Bridge,3,,,,,,Bridge toll,Richmond-San Rafael Bridge toll,
Existing,Golden Gate Bridge,4,,,,,,Bridge toll,Golden Gate Bridge toll,
Existing,San Francisco-Oakland Bay Bridge,5,,,,,,Bridge toll,San Francisco-Oakland Bay Bridge toll,
Existing,San Mateo-Hayward Bridge,6,,,,,,Bridge toll,San Mateo-Hayward Bridge toll,
Existing,Dumbarton Bridge,7,,,,,,Bridge toll,Dumbarton Bridge toll,
Existing,Antioch Bridge,8,,,,,,Bridge toll,Antioch Bridge toll,
RTP2021,Treasure Island Cordon,9,,,,,,Cordon toll,Treasure Island Cordon,
RTP2021,MAJ_SF_Congestion_Pricing,10,,,45,5,0.03,Cordon toll,SF Cordon,
NextGenFwy,NGF_AL_Cordon,11,,,45,5,0.03,Cordon toll,Oakland Cordon,
NextGenFwy,NGF_SC_Cordon,12,,,45,5,0.03,Cordon toll,San Jose Cordon,
NextGenFwy,SR-37 - WB,37,,,45,5,0.03,"0, 37, 681 and 15 more",Other,
RTP2021,I-80 Bay Bridge - US101 to Civic Center - EB,75,,Yes,45,5,0.03,#N/A,#N/A,
RTP2021,I-80 Bay Bridge - US101 to Civic Center - WB,76,,Yes,45,5,0.03,#N/A,#N/A,
RTP2021,I-80 Bay Bridge - Civic Center to SF Transbay Terminal - EB,77,,Yes,45,5,0.03,#N/A,#N/A,
RTP2021,I-80 Bay Bridge - Civic Center to SF Transbay Terminal - WB,78,,Yes,45,5,0.03,#N/A,#N/A,
RTP2021,I-80 Bay Bridge - SF Transbay Terminal to SFOBB Toll Plaza - EB,79,,Yes,45,5,0.03,#N/A,#N/A,
RTP2021,I-80 Bay Bridge - SF Transbay Terminal to SFOBB Toll Plaza - WB,80,,Yes,45,5,0.03,#N/A,#N/A,
RTP2021,I-80 ALA - SFOBB Toll Plaza to University Ave (Berkeley) - EB,81,AL-027,Yes,45,5,0.03,#N/A,#N/A,
RTP2021,I-80 ALA - SFOBB Toll Plaza to University Ave (Berkeley) - WB,82,AL-027 AL-035,Yes,45,5,0.03,#N/A,#N/A,
RTP2021,I-80 ALA - University Ave (Berkeley) to Cutting Blvd (Richmond) - EB,83,AL-027,Yes,45,5,0.03,#N/A,#N/A,
RTP2021,I-80 ALA - University Ave (Berkeley) to Cutting Blvd (Richmond) - WB,84,AL-027,Yes,45,5,0.03,#N/A,#N/A,
RTP2021,I-80 CC - Cutting Blvd (Richmond) to Carquinez Bridge Toll Plaza - EB,85,AL-027,Yes,45,5,0.03,#N/A,#N/A,
RTP2021,I-80 CC - Cutting Blvd (Richmond) to Carquinez Bridge Toll Plaza - WB,86,AL-027,Yes,45,5,0.03,#N/A,#N/A,
RTP2021,I-80 SOL - Carquinez Bridge Toll Plaza to SR37 Interchange - EB,87,SL-031,,45,5,0.03,#N/A,#N/A,
RTP2021,I-80 SOL - Carquinez Bridge Toll Plaza to SR37 Interchange - WB,88,SL-031,,45,5,0.03,#N/A,#N/A,
RTP2021,I-80 SOL - SR37 Interchange to SR12/I-680 Interchange (Red Top Road) - EB,89,SL-059,,45,5,0.03,#N/A,#N/A,
RTP2021,I-80 SOL - SR37 Interchange to SR12/I-680 Interchange (Red Top Road) - WB,90,SL-059,,45,5,0.03,#N/A,#N/A,
RTP2021,I-80 SOL - SR12/I-680 Interchange (Red Top Road) to I-505 Interchange - EB,91,SL-030,,45,5,0.03,#N/A,#N/A,
RTP2021,I-80 SOL - SR12/I-680 Interchange (Red Top Road) to I-505 Interchange - WB,92,SL-030,,45,5,0.03,#N/A,#N/A,
RTP2021,I-80 SOL - I-505 Interchange to Yolo County Line - EB,93,,,45,5,0.03,#N/A,#N/A,
RTP2021,I-80 SOL - I-505 Interchange to Yolo County Line - WB,94,,,45,5,0.03,#N/A,#N/A,
RTP2021,US101 SF - I-280 Interchange to SFOBB entrance - NB,101,SF-027,Yes,45,5,0.03,#N/A,#N/A,
RTP2021,US101 SF - I-280 Interchange to SFOBB entrance - SB,102,SF-027,Yes,45,5,0.03,#N/A,#N/A,
RTP2021,US101 SF - SF County Line to I-280 Interchange - NB,103,SF-027,Yes,45,5,0.03,#N/A,#N/A,
RTP2021,US101 SF - SF County Line to I-280 Interchange - SB,104,SF-027,Yes,45,5,0.03,#N/A,#N/A,
RTP2021,US101 SM - I-380 Interchange to SF county line - NB,105,SM-019,Yes,45,5,0.03,#N/A,#N/A,
RTP2021,US101 SM - I-380 Interchange to SF county line - SB,106,SM-019,Yes,45,5,0.03,#N/A,#N/A,
RTP2021,US101 SM - SM Bridge (SR92) to I-380 Interchange - NB,107,,Yes,45,5,0.03,#N/A,#N/A,
RTP2021,US101 SM - SM Bridge (SR92) to I-380 Interchange - SB,108,,Yes,45,5,0.03,#N/A,#N/A,
RTP2021,US101 SM - Whipple Ave to SM Bridge (SR92) - NB,109,,Yes,45,5,0.03,#N/A,#N/A,
RTP2021,US101 SM - Whipple Ave to SM Bridge (SR92) - SB,110,,Yes,45,5,0.03,#N/A,#N/A,
RTP2021,US101 SM - Dumbarton Bridge (Willow Road) to Whipple Ave - NB,111,,Yes,45,5,0.03,#N/A,#N/A,
RTP2021,US101 SM - Dumbarton Bridge (Willow Road) to Whipple Ave - SB,112,,Yes,45,5,0.03,#N/A,#N/A,
RTP2021,US101 SM - SCL County Line to Dumbarton Bridge (Willow Road) - NB,113,,Yes,45,5,0.03,#N/A,#N/A,
RTP2021,US101 SM - SCL County Line to Dumbarton Bridge (Willow Road) - SB,114,,Yes,45,5,0.03,#N/A,#N/A,
RTP2021,US101 SCL - SR237 to SM County Line - NB,115,,Yes,45,5,0.03,#N/A,#N/A,
RTP2021,US101 SCL - SR237 to SM County Line - SB,116,,Yes,45,5,0.03,#N/A,#N/A,
RTP2021,US101 SCL - I-880 to SR237 - NB,117,SC-032,Yes,45,5,0.03,#N/A,#N/A,
RTP2021,US101 SCL - I-880 to SR237 - SB,118,SC-032,Yes,45,5,0.03,#N/A,#N/A,
RTP2021,US101 SCL - SR85 to I-880 - NB,119,SC-029,,45,5,0.03,#N/A,#N/A,
RTP2021,US101 SCL - SR85 to I-880 - SB,120,SC-029,,45,5,0.03,#N/A,#N/A,
RTP2021,US101 SCL - Morgan Hill to SR85 - NB,121,SC-029,,45,5,0.03,#N/A,#N/A,
RTP2021,US101 SCL - Morgan Hill to SR85 - SB,122,SC-029,,45,5,0.03,#N/A,#N/A,
RTP2021,US101 SCL - San Benito County Line to Morgan Hill - NB,123,,,45,5,0.03,#N/A,#N/A,
RTP2021,US101 SCL - San Benito County Line to Morgan Hill - SB,124,,,45,5,0.03,#N/A,#N/A,
RTP2021,US101 MN - I-580 Interchange to GGB entrance - NB,131,,Yes,45,5,0.03,#N/A,#N/A,
RTP2021,US101 MN - I-580 Interchange to GGB entrance - SB,132,,Yes,45,5,0.03,#N/A,#N/A,
RTP2021,US101 MN - GGB entrance to GGB Toll Plaza - NB,133,,Yes,45,5,0.03,#N/A,#N/A,
RTP2021,US101 MN - GGB entrance to GGB Toll Plaza - SB,134,,Yes,45,5,0.03,#N/A,#N/A,
RTP2021,US101 MN - I-580 Interchange to SR116 - NB,135,,,45,5,0.03,#N/A,#N/A,
RTP2021,US101 MN - I-580 Interchange to SR116 - SB,136,,,45,5,0.03,#N/A,#N/A,
RTP2021,US101 SF - Golden Gate Bridge to Richardson Ave - NB,137,,,45,5,0.03,#N/A,#N/A,
RTP2021,US101 SF - Golden Gate Bridge to Richardson Ave - SB,138,,,45,5,0.03,#N/A,#N/A,
RTP2021,SR17 - I-280 Interchange to SR85 - NB,171,,,45,5,0.03,#N/A,#N/A,
RTP2021,SR17 - I-280 Interchange to SR85 - SB,172,,,45,5,0.03,#N/A,#N/A,
RTP2021,SR237 - US101 Interchange to I-880 Interchange - EB,231,,Yes,45,5,0.03,#N/A,#N/A,
RTP2021,SR237 - US101 Interchange to I-880 Interchange - WB,232,,Yes,45,5,0.03,#N/A,#N/A,
RTP2021,SR237 - SR85 to US101 Interchange - EB,233,,Yes,45,5,0.03,#N/A,#N/A,
RTP2021,SR237 - SR85 to US101 Interchange - WB,234,,Yes,45,5,0.03,#N/A,#N/A,
RTP2021,I-238 - I-880 Interchange to I-580 Interchange - EB,239,,Yes,45,5,0.03,#N/A,#N/A,
RTP2021,I-238 - I-880 Interchange to I-580 Interchange - WB,240,,Yes,45,5,0.03,#N/A,#N/A,
RTP2021,SR24 - I-580 Interchange to SR13 Interchange - EB,241,,Yes,45,5,0.03,#N/A,#N/A,
RTP2021,SR24 - I-580 Interchange to SR13 Interchange - WB,242,,Yes,45,5,0.03,#N/A,#N/A,
RTP2021,SR24 - SR13 Interchange to I-680 Interchange - EB,243,,Yes,45,5,0.03,#N/A,#N/A,
RTP2021,SR24 - SR13 Interchange to I-680 Interchange - WB,244,,Yes,45,5,0.03,#N/A,#N/A,
RTP2021,SR242 CC - I680 to SR4 - EB,245,,,45,5,0.03,#N/A,#N/A,
RTP2021,SR242 CC - I680 to SR4 - WB,246,,,45,5,0.03,#N/A,#N/A,
RTP2021,I-280 SF - US101 Interchange to 4th and King - NB,281,SF-027,Yes,45,5,0.03,#N/A,#N/A,
RTP2021,I-280 SF - US101 Interchange to 4th and King - SB,282,SF-027,Yes,45,5,0.03,#N/A,#N/A,
RTP2021,I-280 SCL - Magdalena Ave (Loyola) to SM County Line - NB,283,,,45,5,0.03,#N/A,#N/A,
RTP2021,I-280 SCL - Magdalena Ave (Loyola) to SM County Line - SB,284,,,45,5,0.03,#N/A,#N/A,
RTP2021,I-280 SCL - US101 to Magdalena Ave (Loyola) - NB,285,SC-033 SC-037,,45,5,0.03,#N/A,#N/A,
RTP2021,I-280 SCL - US101 to Magdalena Ave (Loyola) - SB,286,SC-033 SC-037,,45,5,0.03,#N/A,#N/A,
RTP2021,I-280 SF - I-380 Interchange to US101 Interchange - NB,287,SF-027,Yes,45,5,0.03,#N/A,#N/A,
RTP2021,I-280 SF - I-380 Interchange to US101 Interchange - SB,288,SF-027,Yes,45,5,0.03,#N/A,#N/A,
RTP2021,I-280 SM - Millbrae Ave to SM County Line - EB,289,,,45,5,0.03,#N/A,#N/A,
RTP2021,I-280 SM - Millbrae Ave to SM County Line - WB,290,,,45,5,0.03,#N/A,#N/A,
RTP2021,I-380 SM - I-280 Interchange to US101 Interchange - EB,381,,Yes,45,5,0.03,#N/A,#N/A,
RTP2021,I-380 SM - I-280 Interchange to US101 Interchange - WB,382,,Yes,45,5,0.03,#N/A,#N/A,
RTP2021,SR4 - Port Chicago to Hillcrest Ave - EB,401,CC-034,,45,5,0.03,#N/A,#N/A,
RTP2021,SR4 - Port Chicago to Hillcrest Ave - WB,402,CC-034,,45,5,0.03,#N/A,#N/A,
RTP2021,SR4 - I-680 (Grayson Creek) to Port Chicago - EB,403,CC-034,,45,5,0.03,#N/A,#N/A,
RTP2021,SR4 - I-680 (Grayson Creek) to Port Chicago - WB,404,CC-034,,45,5,0.03,#N/A,#N/A,
RTP2021,SR4 - Morello Ave to  I-680 (Grayson Creek) - EB,405,,,45,5,0.03,#N/A,#N/A,
RTP2021,SR4 - Morello Ave to  I-680 (Grayson Creek) - WB,406,,,45,5,0.03,#N/A,#N/A,
RTP2021,SR4 CC - SR160 Interchange to Vasco Rd - EB,407,,,45,5,0.03,#N/A,#N/A,
RTP2021,SR4 CC - SR160 Interchange to Vasco Rd - WB,408,,,45,5,0.03,#N/A,#N/A,
RTP2021,I-580 - SFOBB toll plaza to SR24 Interchange - EB,581,AL-029,Yes,45,5,0.03,#N/A,#N/A,
RTP2021,I-580 - SFOBB toll plaza to SR24 Interchange - WB,582,AL-029,Yes,45,5,0.03,#N/A,#N/A,
RTP2021,I-580 - SR24 Interchange to I-238 Interchange - EB,583,AL-029,Yes,45,5,0.03,#N/A,#N/A,
RTP2021,I-580 - SR24 Interchange to I-238 Interchange - WB,584,AL-029,Yes,45,5,0.03,#N/A,#N/A,
RTP2021,I-580 - I-238 Interchange to I-680 Interchange - EB,585,AL-031,,45,5,0.03,#N/A,#N/A,
RTP2021,I-580 - I-238 Interchange to I-680 Interchange - WB,586,AL-031,,45,5,0.03,#N/A,#N/A,
RTP2021,I-580 - I-680 Interchange to Greenville - EB,587,,,45,5,0.03,#N/A,#N/A,
RTP2021,I-580 - I-680 Interchange to Greenville - WB,588,,,45,5,0.03,#N/A,#N/A,
RTP2021,I-580 - Greenville to SJ County Line - EB,589,AL-032,,45,5,0.03,#N/A,#N/A,
RTP2021,I-580 - Greenville to SJ County Line - WB,590,AL-032,,45,5,0.03,#N/A,#N/A,
RTP2021,I-580 - US101 Marin to SR Bridge Toll Plaza - EB,591,,Yes,45,5,0.03,#N/A,#N/A,
RTP2021,I-580 - US101 Marin to SR Bridge Toll Plaza - WB,592,,Yes,45,5,0.03,#N/A,#N/A,
RTP2021,I-580 - SR Bridge Toll Plaza to Central Ave - EB,593,,Yes,45,5,0.03,#N/A,#N/A,
RTP2021,I-580 - SR Bridge Toll Plaza to Central Ave - WB,594,,Yes,45,5,0.03,#N/A,#N/A,
RTP2021,I-580 - Central Ave to I-80 Albany - EB,595,,Yes,45,5,0.03,#N/A,#N/A,
RTP2021,I-580 - Central Ave to I-80 Albany - WB,596,,Yes,45,5,0.03,#N/A,#N/A,
RTP2021,I-680 CC - Benicia Martinez Bridge to I-80 Interchange - NB,681,CC-035,,45,5,0.03,"0, 37, 681 and 15 more",Other,
RTP2021,I-680 CC - Benicia Martinez Bridge to I-80 Interchange - SB,682,,,45,5,0.03,"0, 37, 681 and 15 more",Other,
RTP2021,I-680 CC - Livorna (Alamo) to Marina Vista  - NB,683,CC-033,,45,5,0.03,"0, 37, 681 and 15 more",Other,
RTP2021,I-680 CC - Livorna (Alamo) to Marina Vista  - SB,684,,,45,5,0.03,"0, 37, 681 and 15 more",Other,
RTP2021,I-680 CC - Alcosta (San Ramon) to Livorna (Alamo) - NB,685,,,45,5,0.03,"0, 37, 681 and 15 more",Other,
RTP2021,I-680 CC - Alcosta (San Ramon) to Livorna (Alamo) - SB,686,,,45,5,0.03,"0, 37, 681 and 15 more",Other,
RTP2021,I-680 ALA - SR84 to Alcosta (San Ramon) - NB,687,AL-024,,45,5,0.03,"0, 37, 681 and 15 more",Other,
RTP2021,I-680 ALA - SR84 to Alcosta (San Ramon) - SB,688,AL-025,,45,5,0.03,"0, 37, 681 and 15 more",Other,
RTP2021,I-680 ALA - SCL County Line to SR84 - NB,689,,,45,5,0.03,"0, 37, 681 and 15 more",Other,
RTP2021,I-680 ALA - SCL County Line to SR84 - SB,690,,,45,5,0.03,"0, 37, 681 and 15 more",Other,
RTP2021,I-680 SCL - US101 to Alameda County Line - NB,691,AL-028 SC-034,,45,5,0.03,#N/A,#N/A,
RTP2021,I-680 SCL - US101 to Alameda County Line - SB,692,,,45,5,0.03,#N/A,#N/A,
RTP2021,SR84 - Dumbarton Bridge - EB,841,,Yes,45,5,0.03,#N/A,#N/A,
RTP2021,SR84 - Dumbarton Bridge - WB,842,AL-034,Yes,45,5,0.03,#N/A,#N/A,
RTP2021,SR84 - Dumbarton Bridge SM Approach - EB,843,,Yes,45,5,0.03,#N/A,#N/A,
RTP2021,SR84 - Dumbarton Bridge and SM Exit - WB,844,,Yes,45,5,0.03,#N/A,#N/A,
RTP2021,SR85 - US101 Interchange to I-280 Interchange - EB,851,SC-031,,45,5,0.03,"0, 37, 681 and 15 more",Other,
RTP2021,SR85 - US101 Interchange to I-280 Interchange - WB,852,SC-031,,45,5,0.03,"0, 37, 681 and 15 more",Other,
RTP2021,SR85 - I-280 Interchange to SR87 - EB,853,SC-031,,45,5,0.03,"0, 37, 681 and 15 more",Other,
RTP2021,SR85 - I-280 Interchange to SR87 - WB,854,SC-031,,45,5,0.03,"0, 37, 681 and 15 more",Other,
RTP2021,SR85 - SR87 to US101 Interchange - EB,855,SC-036,,45,5,0.03,"0, 37, 681 and 15 more",Other,
RTP2021,SR85 - SR87 to US101 Interchange - WB,856,SC-036,,45,5,0.03,"0, 37, 681 and 15 more",Other,
RTP2021,SR87 - US101 Interchange to SR85 - NB,871,SC-035,,45,5,0.03,#N/A,#N/A,
RTP2021,SR87 - US101 Interchange to SR85 - SB,872,SC-035,,45,5,0.03,#N/A,#N/A,
RTP2021,I-880 ALA - Hegenberger to SFOBB Toll Plaza - NB,879,AL-023,,45,5,0.03,#N/A,#N/A,
RTP2021,I-880 ALA - Hegenberger to SFOBB Toll Plaza - SB,880,AL-023,,45,5,0.03,#N/A,#N/A,
RTP2021,I-880 ALA - SM Bridge to Hegenberger - NB,881,AL-030,Yes,45,5,0.03,#N/A,#N/A,
RTP2021,I-880 ALA - SM Bridge to Hegenberger - SB,882,,Yes,45,5,0.03,#N/A,#N/A,
RTP2021,I-880 ALA - Dumbarton Bridge to SM Bridge - NB,883,,Yes,45,5,0.03,#N/A,#N/A,
RTP2021,I-880 ALA - Dumbarton Bridge to SM Bridge - SB,884,,Yes,45,5,0.03,#N/A,#N/A,
RTP2021,I-880 ALA - SR262 Mission Blvd to Dumbarton Bridge - NB,885,,Yes,45,5,0.03,#N/A,#N/A,
RTP2021,I-880 ALA - SR262 Mission Blvd to Dumbarton Bridge - SB,886,,Yes,45,5,0.03,#N/A,#N/A,
RTP2021,I-880 SCL - SR237 to SR262 Mission Blvd - NB,887,,Yes,45,5,0.03,#N/A,#N/A,
RTP2021,I-880 SCL - SR237 to SR262 Mission Blvd - SB,888,,Yes,45,5,0.03,#N/A,#N/A,
RTP2021,I-880 SCL - US101 Interchange to SR237 - NB,889,SC-038,Yes,45,5,0.03,#N/A,#N/A,
RTP2021,I-880 SCL - US101 Interchange to SR237 - SB,890,SC-038,Yes,45,5,0.03,#N/A,#N/A,
RTP2021,I-880 SCL - I-280 Interchange to US101 Interchange - NB,891,,,45,5,0.03,#N/A,#N/A,
RTP2021,I-880 SCL - I-280 Interchange to US101 Interchange - SB,892,,,45,5,0.03,#N/A,#N/A,
RTP2021,SR92 - San Mateo Bridge EB Exit - EB,921,,Yes,45,5,0.03,#N/A,#N/A,
RTP2021,SR92 - San Mateo Bridge WB Approach - WB,922,AL-033,Yes,45,5,0.03,#N/A,#N/A,
RTP2021,SR92 - San Mateo Bridge - EB,923,,Yes,45,5,0.03,#N/A,#N/A,
RTP2021,SR92 - San Mateo Bridge - WB,924,,Yes,45,5,0.03,#N/A,#N/A,
RTP2021,SR92 - San Mateo Bridge EB Approach - EB,925,,Yes,45,5,0.03,#N/A,#N/A,
RTP2021,SR92 - San Mateo Bridge WB Exit - WB,926,,Yes,45,5,0.03,#N/A,#N/A,
RTP2021,SR92 SM - I-280 Interchange to US101 Interchange - EB,927,,,45,5,0.03,#N/A,#N/A,
RTP2021,SR92 SM - I-280 Interchange to US101 Interchange - WB,928,,,45,5,0.03,#N/A,#N/A,
RTP2021,I-980 ALA - NB,981,,,45,5,0.03,#N/A,#N/A,
RTP2021,I-980 ALA - SB,982,,,45,5,0.03,#N/A,#N/A,
NextGenFwy,[Contra Costa: paralleling SR-4] Leland Rd (to Delta Fair Blvd) - EB,760004,,,45,5,0.001,#N/A,#N/A,
NextGenFwy,[Contra Costa: paralleling SR-4] Leland Rd (to Delta Fair Blvd) -WB,760005,,,45,5,0.001,#N/A,#N/A,
NextGenFwy,[Alameda: paralleling I-80] San Pablo - NB,760080,,,45,5,0.001,#N/A,#N/A,
NextGenFwy,[Alameda: paralleling I-80] San Pablo - SB,760081,,,45,5,0.001,#N/A,#N/A,
NextGenFwy,[Solano: paralleling I-80] Texas St - EB,760082,,,45,5,0.001,#N/A,#N/A,
NextGenFwy,[Solano: paralleling I-80] Texas St - WB,760083,,,45,5,0.001,#N/A,#N/A,
NextGenFwy,[Santa Clara: paralleling US-101] Monterey Rd - NB,760101,,,45,5,0.001,#N/A,#N/A,
NextGenFwy,[Santa Clara: paralleling US-101] Monterey Rd - SB,760102,,,45,5,0.001,#N/A,#N/A,
NextGenFwy,[San Francisco: paralleling US-101] 3rd (to Bayshore Blvd to Airport Blvd) - NB,760103,,,45,5,0.001,#N/A,#N/A,
NextGenFwy,[San Francisco: paralleling US-101] 3rd (to Bayshore Blvd to Airport Blvd) - SB,760104,,,45,5,0.001,#N/A,#N/A,
NextGenFwy,[San Mateo: paralleling US-101/I-280] El Camino Real - NB,760105,,,45,5,0.001,#N/A,#N/A,
NextGenFwy,[San Mateo: paralleling US-101/I-280] El Camino Real - SB,760106,,,45,5,0.001,#N/A,#N/A,
NextGenFwy,[Sonoma: paralleling US-101] Mendocino Ave +  Santa Rosa Ave - NB,760107,,,45,5,0.001,#N/A,#N/A,
NextGenFwy,[Sonoma: paralleling US-101] Mendocino Ave +  Santa Rosa Ave - SB,760108,,,45,5,0.001,#N/A,#N/A,
NextGenFwy,[Santa Clara: paralleling 237/680] Tasman Dr (to N Capitol Ave to E Capitol Expy) - EB,760237,,,45,5,0.001,#N/A,#N/A,
NextGenFwy,[Santa Clara: paralleling 237/680] Tasman Dr (to N Capitol Ave to E Capitol Expy) - WB,760238,,,45,5,0.001,#N/A,#N/A,
NextGenFwy,[Santa Clara: paralleling I-280] Foothill Expy - NB,760280,,,45,5,0.001,#N/A,#N/A,
NextGenFwy,[Santa Clara: paralleling I-280] Foothill Expy - SB,760281,,,45,5,0.001,#N/A,#N/A,
NextGenFwy,[Alameda: paralleling I-880/I-580] International Blvd (to E 14th St to Mission Blvd) - NB,760580,,,45,5,0.001,#N/A,#N/A,
NextGenFwy,[Alameda: paralleling I-880/I-580] International Blvd (to E 14th St to Mission Blvd) - SB,760581,,,45,5,0.001,#N/A,#N/A,
NextGenFwy,na,770075,,,,5,,SF_AM,SF_AM,
NextGenFwy,na,770076,,,,5,,SF_PM,SF_PM,
NextGenFwy,na,770077,,,,5,,SF_PM,SF_PM,
NextGenFwy,na,770078,,,,5,,SF_AM,SF_AM,
NextGenFwy,na,770081,,,,5,,EastBay_Inner_PM,EastBay_InnerBBApproach80580880_PM,
NextGenFwy,na,770082,,,,5,,EastBay_Inner_AM,EastBay_InnerBBApproach80580880_AM,
NextGenFwy,na,770083,,,,5,,EastBay_Outer_PM,EastBay_Outer80_PM,
NextGenFwy,na,770084,,,,5,,EastBay_Outer_AM,EastBay_Outer80_AM,
NextGenFwy,na,770085,,,,5,,EastBay_Outer_PM,EastBay_Outer80_PM,
NextGenFwy,na,770086,,,,5,,EastBay_Outer_AM,EastBay_Outer80_AM,
NextGenFwy,na,770087,,,,5,,Periphery_PM,Periphery_80Solano_PM,
NextGenFwy,na,770088,,,,5,,Periphery_AM,Periphery_80Solano_AM,
NextGenFwy,na,770091,,,,5,,Periphery_PM,Periphery_80Solano_PM,
NextGenFwy,na,770092,,,,5,,Periphery_AM,Periphery_80Solano_AM,
NextGenFwy,na,770101,,,,5,,SF_AM,SF_AM,
NextGenFwy,na,770102,,,,5,,SF_PM,SF_PM,
NextGenFwy,na,770103,,,,5,,SFOSanMateo_PM,SFOSanMateo_101_PM,
NextGenFwy,na,770104,,,,5,,SFOSanMateo_AM,SFOSanMateo_101_AM,
NextGenFwy,na,770105,,,,5,,SFOSanMateo_PM,SFOSanMateo_101_PM,
NextGenFwy,na,770106,,,,5,,SFOSanMateo_AM,SFOSanMateo_101_AM,
NextGenFwy,na,770107,,,,5,,SanMateo_PM,SanMateo_101_PM,
NextGenFwy,na,770108,,,,5,,SanMateo_AM,SanMateo_101_AM,
NextGenFwy,na,770109,,,,5,,SanMateo_PM,SanMateo_101_PM,
NextGenFwy,na,770110,,,,5,,SanMateo_AM,SanMateo_101_AM,
NextGenFwy,na,770111,,,,5,,SanMateo_PM,SanMateo_101_PM,
NextGenFwy,na,770112,,,,5,,SanMateo_AM,SanMateo_101_AM,
NextGenFwy,na,770113,,,,5,,SanMateo_PM,SanMateo_101_PM,
NextGenFwy,na,770114,,,,5,,SanMateo_AM,SanMateo_101_AM,
NextGenFwy,na,770115,,,,5,,SouthBay_Inner_AM,SouthBay_Inner_AM,
NextGenFwy,na,770116,,,,5,,SouthBay_Inner_PM,SouthBay_Inner_PM,
NextGenFwy,na,770117,,,,5,,SouthBay_Inner_AM,SouthBay_Inner_AM,
NextGenFwy,na,770118,,,,5,,SouthBay_Inner_PM,SouthBay_Inner_PM,
NextGenFwy,na,770119,,,,5,,SouthBay_Outer_AM,SouthBay_Outer10187_AM,
NextGenFwy,na,770120,,,,5,,SouthBay_Outer_PM,SouthBay_Outer10187_PM,
NextGenFwy,na,770121,,,,5,,Periphery_AM,Periphery_101SouthBay_AM,
NextGenFwy,na,770122,,,,5,,Periphery_PM,Periphery_101SouthBay_PM,
NextGenFwy,na,770123,,,,5,,Periphery_AM,Periphery_101SouthBay_AM,
NextGenFwy,na,770124,,,,5,,Periphery_PM,Periphery_101SouthBay_PM,
NextGenFwy,na,770135,,,,5,,Periphery_PM,Periphery_101NorthBay_PM,
NextGenFwy,na,770136,,,,5,,Periphery_AM,Periphery_101NorthBay_AM,
NextGenFwy,na,770171,,,,5,,SouthBay_Outer_AM,SouthBay_Outer280680_AM,
NextGenFwy,na,770172,,,,5,,SouthBay_Outer_PM,SouthBay_Outer280680_PM,
NextGenFwy,na,770231,,,,5,,SouthBay_Inner_PM,SouthBay_Inner_PM,
NextGenFwy,na,770232,,,,5,,SouthBay_Inner_AM,SouthBay_Inner_AM,
NextGenFwy,na,770233,,,,5,,SouthBay_Inner_PM,SouthBay_Inner_PM,
NextGenFwy,na,770234,,,,5,,SouthBay_Inner_AM,SouthBay_Inner_AM,
NextGenFwy,na,770239,,,,5,,EastBay_Outer_PM,EastBay_Outer580_PM,
NextGenFwy,na,770240,,,,5,,EastBay_Outer_AM,EastBay_Outer580_AM,
NextGenFwy,na,770241,,,,5,,EastBay_Outer_PM,EastBay_68024980_PM,
NextGenFwy,na,770242,,,,5,,EastBay_Outer_AM,EastBay_68024980_AM,
NextGenFwy,na,770243,,,,5,,EastBay_Outer_PM,EastBay_68024980_PM,
NextGenFwy,na,770244,,,,5,,EastBay_Outer_AM,EastBay_68024980_AM,
NextGenFwy,na,770245,,,,5,,EastBay_Outer_PM,EastBay_68024980_PM,
NextGenFwy,na,770246,,,,5,,EastBay_Outer_AM,EastBay_68024980_AM,
NextGenFwy,na,770281,,,,5,,SF_AM,SF_AM,
NextGenFwy,na,770282,,,,5,,SF_PM,SF_PM,
NextGenFwy,na,770283,,,,5,,SouthBay_Outer_AM,SouthBay_Outer280680_AM,
NextGenFwy,na,770284,,,,5,,SouthBay_Outer_PM,SouthBay_Outer280680_PM,
NextGenFwy,na,770285,,,,5,,SouthBay_Outer_AM,SouthBay_Outer280680_AM,
NextGenFwy,na,770286,,,,5,,SouthBay_Outer_PM,SouthBay_Outer280680_PM,
NextGenFwy,na,770287,,,,5,,SFOSanMateo_PM,SFOSanMateo_280380_PM,
NextGenFwy,na,770288,,,,5,,SFOSanMateo_AM,SFOSanMateo_280380_AM,
NextGenFwy,na,770289,,,,5,,SanMateo_AM,SanMateo_28092_AM,
NextGenFwy,na,770290,,,,5,,SanMateo_PM,SanMateo_28092_PM,
NextGenFwy,na,770381,,,,5,,SFOSanMateo_PM,SFOSanMateo_280380_PM,
NextGenFwy,na,770382,,,,5,,SFOSanMateo_AM,SFOSanMateo_280380_AM,
NextGenFwy,na,770401,,,,5,,Periphery_PM,Periphery_SR4_PM,
NextGenFwy,na,770402,,,,5,,Periphery_AM,Periphery_SR4_AM,
NextGenFwy,na,770403,,,,5,,Periphery_PM,Periphery_SR4_PM,
NextGenFwy,na,770404,,,,5,,Periphery_AM,Periphery_SR4_AM,
NextGenFwy,na,770407,,,,5,,Periphery_PM,Periphery_SR4_PM,
NextGenFwy,na,770408,,,,5,,Periphery_AM,Periphery_SR4_AM,
NextGenFwy,na,770581,,,,5,,EastBay_Inner_PM,EastBay_InnerBBApproach80580880_PM,
NextGenFwy,na,770582,,,,5,,EastBay_Inner_AM,EastBay_InnerBBApproach80580880_AM,
NextGenFwy,na,770583,,,,5,,EastBay_Inner_PM,EastBay_Inner580_PM,
NextGenFwy,na,770584,,,,5,,EastBay_Inner_AM,EastBay_Inner580_AM,
NextGenFwy,na,770585,,,,5,,EastBay_Outer_PM,EastBay_Outer580_PM,
NextGenFwy,na,770586,,,,5,,EastBay_Outer_AM,EastBay_Outer580_AM,
NextGenFwy,na,770587,,,,5,,Periphery_PM,Periphery_580_PM,
NextGenFwy,na,770588,,,,5,,Periphery_AM,Periphery_580_AM,
NextGenFwy,na,770589,,,,5,,Periphery_PM,Periphery_580_PM,
NextGenFwy,na,770590,,,,5,,Periphery_AM,Periphery_580_AM,
NextGenFwy,na,770683,,,,5,,EastBay_Outer_PM,EastBay_68024980_PM,
NextGenFwy,na,770684,,,,5,,EastBay_Outer_AM,EastBay_68024980_AM,
NextGenFwy,na,770689,,,,5,,EastBay_Outer_PM,EastBay_880680_PM,
NextGenFwy,na,770690,,,,5,,EastBay_Outer_AM,EastBay_880680_AM,
NextGenFwy,na,770691,,,,5,,SouthBay_Outer_PM,SouthBay_Outer280680_PM,
NextGenFwy,na,770692,,,,5,,SouthBay_Outer_AM,SouthBay_Outer280680_AM,
NextGenFwy,na,770853,,,,5,,SouthBay_Outer_PM,SouthBay_Outer10187_PM,
NextGenFwy,na,770854,,,,5,,SouthBay_Outer_PM,SouthBay_Outer10187_PM,
NextGenFwy,na,770855,,,,5,,SouthBay_Outer_PM,SouthBay_Outer10187_PM,
NextGenFwy,na,770856,,,,5,,SouthBay_Outer_AM,SouthBay_Outer10187_AM,
NextGenFwy,na,770871,,,,5,,SouthBay_Outer_AM,SouthBay_Outer10187_AM,
NextGenFwy,na,770872,,,,5,,SouthBay_Outer_PM,SouthBay_Outer10187_PM,
NextGenFwy,na,770879,,,,5,,EastBay_Inner_AM,EastBay_InnerBBApproach80580880_AM,
NextGenFwy,na,770880,,,,5,,EastBay_Inner_PM,EastBay_InnerBBApproach80580880_PM,
NextGenFwy,na,770881,,,,5,,EastBay_Outer_PM,EastBay_880680_PM,
NextGenFwy,na,770882,,,,5,,EastBay_Outer_AM,EastBay_880680_AM,
NextGenFwy,na,770883,,,,5,,EastBay_Outer_PM,EastBay_880680_PM,
NextGenFwy,na,770884,,,,5,,EastBay_Outer_AM,EastBay_880680_AM,
NextGenFwy,na,770885,,,,5,,EastBay_Outer_PM,EastBay_880680_PM,
NextGenFwy,na,770886,,,,5,,EastBay_Outer_AM,EastBay_880680_AM,
NextGenFwy,na,770887,,,,5,,SouthBay_Inner_PM,SouthBay_Inner_PM,
NextGenFwy,na,770888,,,,5,,SouthBay_Inner_AM,SouthBay_Inner_AM,
NextGenFwy,na,770889,,,,5,,SouthBay_Inner_PM,SouthBay_Inner_PM,
NextGenFwy,na,770890,,,,5,,SouthBay_Inner_AM,SouthBay_Inner_AM,
NextGenFwy,na,770891,,,,5,,SouthBay_Outer_AM,SouthBay_Outer280680_AM,
NextGenFwy,na,770892,,,,5,,SouthBay_Outer_PM,SouthBay_Outer280680_PM,
NextGenFwy,na,770923,,,,5,,SanMateo_AM,SanMateo_28092_AM,
NextGenFwy,na,770924,,,,5,,SanMateo_PM,SanMateo_28092_PM,
NextGenFwy,na,770981,,,,5,,EastBay_Outer_PM,EastBay_68024980_PM,
NextGenFwy,na,770982,,,,5,,EastBay_Outer_AM,EastBay_68024980_AM,
NextGenFwy,101_Marin_N - NGF_BPALT13Segments,980001,,,45,5,0.001,#N/A,#N/A,
NextGenFwy,101_Marin_S - NGF_BPALT13Segments,980002,,,45,5,0.001,#N/A,#N/A,
NextGenFwy,101_Peninsula_N - NGF_BPALT13Segments,980003,,,45,5,0.001,#N/A,#N/A,
NextGenFwy,101_Peninsula_S - NGF_BPALT13Segments,980004,,,45,5,0.001,#N/A,#N/A,
NextGenFwy,237_E - NGF_BPALT13Segments,980005,,,45,5,0.001,#N/A,#N/A,
NextGenFwy,237_W - NGF_BPALT13Segments,980006,,,45,5,0.001,#N/A,#N/A,
NextGenFwy,238_N - NGF_BPALT13Segments,980007,,,45,5,0.001,#N/A,#N/A,
NextGenFwy,238_S - NGF_BPALT13Segments,980008,,,45,5,0.001,#N/A,#N/A,
NextGenFwy,280_N - NGF_BPALT13Segments,980009,,,45,5,0.001,#N/A,#N/A,
NextGenFwy,280_S - NGF_BPALT13Segments,980010,,,45,5,0.001,#N/A,#N/A,
NextGenFwy,380_E - NGF_BPALT13Segments,980011,,,45,5,0.001,#N/A,#N/A,
NextGenFwy,380_W - NGF_BPALT13Segments,980012,,,45,5,0.001,#N/A,#N/A,
NextGenFwy,580_E - NGF_BPALT13Segments,980013,,,45,5,0.001,#N/A,#N/A,
NextGenFwy,580_W - NGF_BPALT13Segments,980014,,,45,5,0.001,#N/A,#N/A,
NextGenFwy,680_N - NGF_BPALT13Segments,980015,,,45,5,0.001,#N/A,#N/A,
NextGenFwy,680_S - NGF_BPALT13Segments,980016,,,45,5,0.001,#N/A,#N/A,
NextGenFwy,80_E - NGF_BPALT13Segments,980017,,,45,5,0.001,#N/A,#N/A,
NextGenFwy,80_W - NGF_BPALT13Segments,980018,,,45,5,0.001,#N/A,#N/A,
NextGenFwy,85_87_N - NGF_BPALT13Segments,980019,,,45,5,0.001,#N/A,#N/A,
NextGenFwy,85_87_S - NGF_BPALT13Segments,980020,,,45,5,0.001,#N/A,#N/A,
NextGenFwy,880_17_N - NGF_BPALT13Segments,980021,,,45,5,0.001,#N/A,#N/A,
NextGenFwy,880_17_S - NGF_BPALT13Segments,980022,,,45,5,0.001,#N/A,#N/A,
NextGenFwy,92_E - NGF_BPALT13Segments,980023,,,45,5,0.001,#N/A,#N/A,
NextGenFwy,92_W - NGF_BPALT13Segments,980024,,,45,5,0.001,#N/A,#N/A,
NextGenFwy,980_24_680_242_4_E - NGF_BPALT13Segments,980025,,,45,5,0.001,#N/A,#N/A,
NextGenFwy,980_24_680_242_4_W - NGF_BPALT13Segments,980026,,,45,5,0.001,#N/A,#N/A,
NextGenFwy,I-80 Bay Bridge - US101 to Civic Center  (Per Mile Tolling) - EB,990075,,,45,5,0.001,SF_AM,SF_AM,
NextGenFwy,I-80 Bay Bridge - US101 to Civic Center  (Per Mile Tolling) - WB,990076,,,45,5,0.001,SF_PM,SF_PM,
NextGenFwy,I-80 Bay Bridge - Civic Center to SF Transbay Terminal  (Per Mile Tolling) - EB,990077,,,45,5,0.001,SF_PM,SF_PM,
NextGenFwy,I-80 Bay Bridge - Civic Center to SF Transbay Terminal  (Per Mile Tolling) - WB,990078,,,45,5,0.001,SF_AM,SF_AM,
NextGenFwy,I-80 Bay Bridge - SFOBB Toll Plaza to I-80 I-880  (Per Mile Tolling) - EB,990079,,,45,5,0.001,EastBay_Inner_PM,EastBay_InnerBBApproach80580880_PM,
NextGenFwy,I-80 ALA - SFOBB Toll Plaza to University Ave (Berkeley)  (Per Mile Tolling) - EB,990081,,,45,5,0.001,EastBay_Inner_PM,EastBay_InnerBBApproach80580880_PM,
NextGenFwy,I-80 ALA - SFOBB Toll Plaza to University Ave (Berkeley)  (Per Mile Tolling) - WB,990082,,,45,5,0.001,EastBay_Inner_AM,EastBay_InnerBBApproach80580880_AM,
NextGenFwy,I-80 ALA - University Ave (Berkeley) to Cutting Blvd (Richmond)  (Per Mile Tolling) - EB,990083,,,45,5,0.001,EastBay_Outer_PM,EastBay_Outer80_PM,
NextGenFwy,I-80 ALA - University Ave (Berkeley) to Cutting Blvd (Richmond)  (Per Mile Tolling) - WB,990084,,,45,5,0.001,EastBay_Outer_AM,EastBay_Outer80_AM,
NextGenFwy,I-80 CC - Cutting Blvd (Richmond) to Carquinez Bridge Toll Plaza  (Per Mile Tolling) - EB,990085,,,45,5,0.001,EastBay_Outer_PM,EastBay_Outer80_PM,
NextGenFwy,I-80 CC - Cutting Blvd (Richmond) to Carquinez Bridge Toll Plaza  (Per Mile Tolling) - WB,990086,,,45,5,0.001,EastBay_Outer_AM,EastBay_Outer80_AM,
NextGenFwy,I-80 SOL - Carquinez Bridge Toll Plaza to SR37 Interchange  (Per Mile Tolling) - EB,990087,,,45,5,0.001,Periphery_PM,Periphery_80Solano_PM,
NextGenFwy,I-80 SOL - Carquinez Bridge Toll Plaza to SR37 Interchange  (Per Mile Tolling) - WB,990088,,,45,5,0.001,Periphery_AM,Periphery_80Solano_AM,
NextGenFwy,I-80 SOL - SR37 Interchange to SR12/I-680 Interchange (Red Top Road)  (Per Mile Tolling) - EB,990089,,,45,5,0.001,Periphery_PM,Periphery_80Solano_PM,
NextGenFwy,I-80 SOL - SR37 Interchange to SR12/I-680 Interchange (Red Top Road)  (Per Mile Tolling) - WB,990090,,,45,5,0.001,Periphery_AM,Periphery_80Solano_AM,
NextGenFwy,I-80 SOL - SR12/I-680 Interchange (Red Top Road) to I-505 Interchange  (Per Mile Tolling) - EB,990091,,,45,5,0.001,Periphery_PM,Periphery_80Solano_PM,
NextGenFwy,I-80 SOL - SR12/I-680 Interchange (Red Top Road) to I-505 Interchange  (Per Mile Tolling) - WB,990092,,,45,5,0.001,Periphery_AM,Periphery_80Solano_AM,
NextGenFwy,US101 SF - I-280 Interchange to SFOBB entrance  (Per Mile Tolling) - NB,990101,,,45,5,0.001,SF_AM,SF_AM,
NextGenFwy,US101 SF - I-280 Interchange to SFOBB entrance  (Per Mile Tolling) - SB,990102,,,45,5,0.001,SF_PM,SF_PM,
NextGenFwy,US101 SF - SF County Line to I-280 Interchange  (Per Mile Tolling) - NB,990103,,,45,5,0.001,SF_AM,SF_AM,
NextGenFwy,US101 SF - SF County Line to I-280 Interchange  (Per Mile Tolling) - SB,990104,,,45,5,0.001,SF_PM,SF_PM,
NextGenFwy,US101 SM - I-380 Interchange to SF county line  (Per Mile Tolling) - NB,990105,,,45,5,0.001,SFOSanMateo_AM,SFOSanMateo_101_AM,
NextGenFwy,US101 SM - I-380 Interchange to SF county line  (Per Mile Tolling) - SB,990106,,,45,5,0.001,SFOSanMateo_PM,SFOSanMateo_101_PM,
NextGenFwy,US101 SM - SM Bridge (SR92) to I-380 Interchange  (Per Mile Tolling) - NB,990107,,,45,5,0.001,SanMateo_PM,SanMateo_101_PM,
NextGenFwy,US101 SM - SM Bridge (SR92) to I-380 Interchange  (Per Mile Tolling) - SB,990108,,,45,5,0.001,SanMateo_AM,SanMateo_101_AM,
NextGenFwy,US101 SM - Whipple Ave to SM Bridge (SR92)  (Per Mile Tolling) - NB,990109,,,45,5,0.001,SanMateo_PM,SanMateo_101_PM,
NextGenFwy,US101 SM - Whipple Ave to SM Bridge (SR92)  (Per Mile Tolling) - SB,990110,,,45,5,0.001,SanMateo_AM,SanMateo_101_AM,
NextGenFwy,US101 SM - Dumbarton Bridge (Willow Road) to Whipple Ave  (Per Mile Tolling) - NB,990111,,,45,5,0.001,SanMateo_PM,SanMateo_101_PM,
NextGenFwy,US101 SM - Dumbarton Bridge (Willow Road) to Whipple Ave  (Per Mile Tolling) - SB,990112,,,45,5,0.001,SanMateo_AM,SanMateo_101_AM,
NextGenFwy,US101 SM - SCL County Line to Dumbarton Bridge (Willow Road)  (Per Mile Tolling) - NB,990113,,,45,5,0.001,SanMateo_PM,SanMateo_101_PM,
NextGenFwy,US101 SM - SCL County Line to Dumbarton Bridge (Willow Road)  (Per Mile Tolling) - SB,990114,,,45,5,0.001,SanMateo_AM,SanMateo_101_AM,
NextGenFwy,US101 SCL - SR237 to SM County Line  (Per Mile Tolling) - NB,990115,,,45,5,0.001,SouthBay_Inner_AM,SouthBay_Inner_AM,
NextGenFwy,US101 SCL - SR237 to SM County Line  (Per Mile Tolling) - SB,990116,,,45,5,0.001,SouthBay_Inner_PM,SouthBay_Inner_PM,
NextGenFwy,US101 SCL - I-880 to SR237  (Per Mile Tolling) - NB,990117,,,45,5,0.001,SouthBay_Inner_AM,SouthBay_Inner_AM,
NextGenFwy,US101 SCL - I-880 to SR237  (Per Mile Tolling) - SB,990118,,,45,5,0.001,SouthBay_Inner_PM,SouthBay_Inner_PM,
NextGenFwy,US101 SCL - SR85 to I-880  (Per Mile Tolling) - NB,990119,,,45,5,0.001,SouthBay_Outer_AM,SouthBay_Outer10187_AM,
NextGenFwy,US101 SCL - SR85 to I-880  (Per Mile Tolling) - SB,990120,,,45,5,0.001,SouthBay_Outer_PM,SouthBay_Outer10187_PM,
NextGenFwy,US101 SCL - Morgan Hill to SR85  (Per Mile Tolling) - NB,990121,,,45,5,0.001,Periphery_AM,Periphery_101SouthBay_AM,
NextGenFwy,US101 SCL - Morgan Hill to SR85  (Per Mile Tolling) - SB,990122,,,45,5,0.001,Periphery_PM,Periphery_101SouthBay_PM,
NextGenFwy,US101 SCL - San Benito County Line to Morgan Hill  (Per Mile Tolling) - NB,990123,,,45,5,0.001,Periphery_AM,Periphery_101SouthBay_AM,
NextGenFwy,US101 SCL - San Benito County Line to Morgan Hill  (Per Mile Tolling) - SB,990124,,,45,5,0.001,Periphery_PM,Periphery_101SouthBay_PM,
NextGenFwy,US101 MN - I-580 Interchange to GGB entrance  (Per Mile Tolling) - NB,990131,,,45,5,0.001,Periphery_PM,Periphery_101NorthBay_PM,
NextGenFwy,US101 MN - I-580 Interchange to GGB entrance  (Per Mile Tolling) - SB,990132,,,45,5,0.001,Periphery_AM,Periphery_101NorthBay_AM,
NextGenFwy,US101 MN - I-580 Interchange to SR116  (Per Mile Tolling) - NB,990135,,,45,5,0.001,Periphery_PM,Periphery_101NorthBay_PM,
NextGenFwy,US101 MN - I-580 Interchange to SR116  (Per Mile Tolling) - SB,990136,,,45,5,0.001,Periphery_AM,Periphery_101NorthBay_AM,
NextGenFwy,US101 SF - Golden Gate Bridge to Richardson Ave  (Per Mile Tolling) - NB,990137,,,45,5,0.001,SF_PM,SF_PM,
NextGenFwy,US101 SF - Golden Gate Bridge to Richardson Ave  (Per Mile Tolling) - SB,990138,,,45,5,0.001,SF_AM,SF_AM,
NextGenFwy,SR17 - I-280 Interchange to SR85  (Per Mile Tolling) - NB,990171,,,45,5,0.001,SouthBay_Outer_AM,SouthBay_Outer10187_AM,
NextGenFwy,SR17 - I-280 Interchange to SR85  (Per Mile Tolling) - SB,990172,,,45,5,0.001,SouthBay_Outer_PM,SouthBay_Outer10187_PM,
NextGenFwy,SR237 - US101 Interchange to I-880 Interchange  (Per Mile Tolling) - EB,990231,,,45,5,0.001,SouthBay_Inner_PM,SouthBay_Inner_PM,
NextGenFwy,SR237 - US101 Interchange to I-880 Interchange  (Per Mile Tolling) - WB,990232,,,45,5,0.001,SouthBay_Inner_AM,SouthBay_Inner_AM,
NextGenFwy,SR237 - SR85 to US101 Interchange  (Per Mile Tolling) - EB,990233,,,45,5,0.001,SouthBay_Inner_PM,SouthBay_Inner_PM,
NextGenFwy,SR237 - SR85 to US101 Interchange  (Per Mile Tolling) - WB,990234,,,45,5,0.001,SouthBay_Inner_AM,SouthBay_Inner_AM,
NextGenFwy,I-238 - I-880 Interchange to I-580 Interchange  (Per Mile Tolling) - EB,990239,,,45,5,0.001,EastBay_Outer_PM,EastBay_Outer580_PM,
NextGenFwy,I-238 - I-880 Interchange to I-580 Interchange  (Per Mile Tolling) - WB,990240,,,45,5,0.001,EastBay_Outer_AM,EastBay_Outer580_AM,
NextGenFwy,SR24 - I-580 Interchange to SR13 Interchange  (Per Mile Tolling) - EB,990241,,,45,5,0.001,EastBay_Outer_PM,EastBay_68024980_PM,
NextGenFwy,SR24 - I-580 Interchange to SR13 Interchange  (Per Mile Tolling) - WB,990242,,,45,5,0.001,EastBay_Outer_AM,EastBay_68024980_AM,
NextGenFwy,SR24 - SR13 Interchange to I-680 Interchange  (Per Mile Tolling) - EB,990243,,,45,5,0.001,EastBay_Outer_PM,EastBay_68024980_PM,
NextGenFwy,SR24 - SR13 Interchange to I-680 Interchange  (Per Mile Tolling) - WB,990244,,,45,5,0.001,EastBay_Outer_AM,EastBay_68024980_AM,
NextGenFwy,SR242 CC - I680 to SR4  (Per Mile Tolling) - EB,990245,,,45,5,0.001,EastBay_Outer_PM,EastBay_68024980_PM,
NextGenFwy,SR242 CC - I680 to SR4  (Per Mile Tolling) - WB,990246,,,45,5,0.001,EastBay_Outer_AM,EastBay_68024980_AM,
NextGenFwy,I-280 SF - US101 Interchange to 4th and King  (Per Mile Tolling) - NB,990281,,,45,5,0.001,SF_AM,SF_AM,
NextGenFwy,I-280 SF - US101 Interchange to 4th and King  (Per Mile Tolling) - SB,990282,,,45,5,0.001,SF_PM,SF_PM,
NextGenFwy,I-280 SCL - Magdalena Ave (Loyola) to SM County Line  (Per Mile Tolling) - NB,990283,,,45,5,0.001,SouthBay_Outer_AM,SouthBay_Outer280680_AM,
NextGenFwy,I-280 SCL - Magdalena Ave (Loyola) to SM County Line  (Per Mile Tolling) - SB,990284,,,45,5,0.001,SouthBay_Outer_PM,SouthBay_Outer280680_PM,
NextGenFwy,I-280 SCL - US101 to Magdalena Ave (Loyola)  (Per Mile Tolling) - NB,990285,,,45,5,0.001,SouthBay_Outer_AM,SouthBay_Outer280680_AM,
NextGenFwy,I-280 SCL - US101 to Magdalena Ave (Loyola)  (Per Mile Tolling) - SB,990286,,,45,5,0.001,SouthBay_Outer_PM,SouthBay_Outer280680_PM,
NextGenFwy,I-280 SM - I-380 Interchange to SF County Line  (Per Mile Tolling) - NB,990287,,,45,5,0.001,SFOSanMateo_PM,SFOSanMateo_280380_PM,
NextGenFwy,I-280 SM - I-380 Interchange to SF County Line  (Per Mile Tolling) - SB,990288,,,45,5,0.001,SFOSanMateo_AM,SFOSanMateo_280380_AM,
NextGenFwy,I-280 SM -  I-380 Interchange to SCL County Line  (Per Mile Tolling) - SB,990289,,,45,5,0.001,SanMateo_AM,SanMateo_28092_AM,
NextGenFwy,I-280 SM -  I-380 Interchange to SCL County Line  (Per Mile Tolling) - NB,990290,,,45,5,0.001,SanMateo_PM,SanMateo_28092_PM,
NextGenFwy,I-280 SF - SF/SM County Line to US101 Interchange  (Per Mile Tolling) - NB,990291,,,45,5,0.001,SF_AM,SF_AM,
NextGenFwy,I-280 SF - SF/SM County Line to US101 Interchange  (Per Mile Tolling) - SB,990292,,,45,5,0.001,SF_PM,SF_PM,
NextGenFwy,I-380 SM - I-280 Interchange to US101 Interchange  (Per Mile Tolling) - EB,990381,,,45,5,0.001,SFOSanMateo_AM,SFOSanMateo_280380_AM,
NextGenFwy,I-380 SM - I-280 Interchange to US101 Interchange  (Per Mile Tolling) - WB,990382,,,45,5,0.001,SFOSanMateo_PM,SFOSanMateo_280380_PM,
NextGenFwy,SR4 - Port Chicago to Hillcrest Ave  (Per Mile Tolling) - EB,990401,,,45,5,0.001,Periphery_PM,Periphery_SR4_PM,
NextGenFwy,SR4 - Port Chicago to Hillcrest Ave  (Per Mile Tolling) - WB,990402,,,45,5,0.001,Periphery_AM,Periphery_SR4_AM,
NextGenFwy,SR4 - I-680 (Grayson Creek) to Port Chicago  (Per Mile Tolling) - EB,990403,,,45,5,0.001,Periphery_PM,Periphery_SR4_PM,
NextGenFwy,SR4 - I-680 (Grayson Creek) to Port Chicago  (Per Mile Tolling) - WB,990404,,,45,5,0.001,Periphery_AM,Periphery_SR4_AM,
NextGenFwy,SR4 CC - SR160 Interchange to Vasco Rd  (Per Mile Tolling) - EB,990407,,,45,5,0.001,Periphery_PM,Periphery_SR4_PM,
NextGenFwy,SR4 CC - SR160 Interchange to Vasco Rd  (Per Mile Tolling) - WB,990408,,,45,5,0.001,Periphery_AM,Periphery_SR4_AM,
NextGenFwy,I-580 - SFOBB toll plaza to SR24 Interchange  (Per Mile Tolling) - EB,990581,,,45,5,0.001,EastBay_Inner_PM,EastBay_InnerBBApproach80580880_PM,
NextGenFwy,I-580 - SFOBB toll plaza to SR24 Interchange  (Per Mile Tolling) - WB,990582,,,45,5,0.001,EastBay_Inner_AM,EastBay_InnerBBApproach80580880_AM,
NextGenFwy,I-580 - SR24 Interchange to I-238 Interchange  (Per Mile Tolling) - EB,990583,,,45,5,0.001,EastBay_Inner_PM,EastBay_Inner580_PM,
NextGenFwy,I-580 - SR24 Interchange to I-238 Interchange  (Per Mile Tolling) - WB,990584,,,45,5,0.001,EastBay_Inner_AM,EastBay_Inner580_AM,
NextGenFwy,I-580 - I-238 Interchange to I-680 Interchange  (Per Mile Tolling) - EB,990585,,,45,5,0.001,EastBay_Outer_PM,EastBay_Outer580_PM,
NextGenFwy,I-580 - I-238 Interchange to I-680 Interchange  (Per Mile Tolling) - WB,990586,,,45,5,0.001,EastBay_Outer_AM,EastBay_Outer580_AM,
NextGenFwy,I-580 - I-680 Interchange to Greenville  (Per Mile Tolling) - EB,990587,,,45,5,0.001,Periphery_PM,Periphery_580_PM,
NextGenFwy,I-580 - I-680 Interchange to Greenville  (Per Mile Tolling) - WB,990588,,,45,5,0.001,Periphery_AM,Periphery_580_AM,
NextGenFwy,I-580 - Greenville to SJ County Line  (Per Mile Tolling) - EB,990589,,,45,5,0.001,Periphery_PM,Periphery_580_PM,
NextGenFwy,I-580 - Greenville to SJ County Line  (Per Mile Tolling) - WB,990590,,,45,5,0.001,Periphery_AM,Periphery_580_AM,
NextGenFwy,I-680 CC - SR24 Interchange to SR4 interchange  (Per Mile Tolling) - NB,990683,,,45,5,0.001,EastBay_Outer_PM,EastBay_68024980_PM,
NextGenFwy,I-680 CC - SR24 Interchange to SR4 interchange  (Per Mile Tolling) - SB,990684,,,45,5,0.001,EastBay_Outer_AM,EastBay_68024980_AM,
NextGenFwy,I-680 SCL - ALA County Line to Calaveras Blvd (Per Mile Tolling) - NB,990689,,,45,5,0.001,SouthBay_Outer_AM,SouthBay_Outer280680_AM,
NextGenFwy,I-680 SCL - ALA County Line to Calaveras Blvd (Per Mile Tolling) - SB,990690,,,45,5,0.001,SouthBay_Outer_PM,SouthBay_Outer280680_PM,
NextGenFwy,I-680 SCL - US101 to Calaveras Blvd / ALA County Line (Per Mile Tolling) - NB,990691,,,45,5,0.001,SouthBay_Outer_AM,SouthBay_Outer280680_AM,
NextGenFwy,I-680 SCL - US101 to Calaveras Blvd / ALA County Line (Per Mile Tolling) - SB,990692,,,45,5,0.001,SouthBay_Outer_PM,SouthBay_Outer280680_PM,
NextGenFwy,I-680 AL - I-580 interchange to SCL county line (Per Mile Tolling) - SB,990693,,,45,5,0.001,AL_680,AL_680_AM,
NextGenFwy,I-680 AL - I-580 interchange to SCL county line (Per Mile Tolling) - NB,990694,,,45,5,0.001,AL_680,AL_680_PM,
NextGenFwy,I-680 CC - I-580 interchange to SR24 interchange (Per Mile Tolling) - SB,990695,,,45,5,0.001,CC_Southern_680,CC_Southern_680_AM,
NextGenFwy,I-680 CC - I-580 interchange to SR24 interchange (Per Mile Tolling) - NB,990696,,,45,5,0.001,CC_Southern_680,CC_Southern_680_PM,
NextGenFwy,SR85 - US101 interchange to I-280 (Per Mile Tolling) - SB,990857,,,45,5,0.001,SCL_85_PM,SCL_85_PM,
NextGenFwy,SR85 - US101 interchange to I-280 (Per Mile Tolling) - NB,990858,,,45,5,0.001,SCL_85_AM,SCL_85_AM,
NextGenFwy,SR85 - I-280 Interchange to SR87  (Per Mile Tolling) - SB,990853,,,45,5,0.001,SCL_85_PM,SCL_85_PM,
NextGenFwy,SR85 - I-280 Interchange to SR87  (Per Mile Tolling) - NB,990854,,,45,5,0.001,SCL_85_AM,SCL_85_AM,
NextGenFwy,SR85 - SR87 to US101 Interchange  (Per Mile Tolling) - SB,990855,,,45,5,0.001,SCL_85_PM,SCL_85_PM,
NextGenFwy,SR85 - SR87 to US101 Interchange  (Per Mile Tolling) - NB,990856,,,45,5,0.001,SCL_85_AM,SCL_85_AM,
NextGenFwy,SR87 - US101 Interchange to SR85  (Per Mile Tolling) - NB,990871,,,45,5,0.001,SouthBay_Outer_AM,SouthBay_Outer10187_AM,
NextGenFwy,SR87 - US101 Interchange to SR85  (Per Mile Tolling) - SB,990872,,,45,5,0.001,SouthBay_Outer_PM,SouthBay_Outer10187_PM,
NextGenFwy,I-880 ALA - Hegenberger to SFOBB Toll Plaza  (Per Mile Tolling) - NB,990879,,,45,5,0.001,EastBay_Inner_AM,EastBay_InnerBBApproach80580880_AM,
NextGenFwy,I-880 ALA - Hegenberger to SFOBB Toll Plaza  (Per Mile Tolling) - SB,990880,,,45,5,0.001,EastBay_Inner_PM,EastBay_InnerBBApproach80580880_PM,
NextGenFwy,I-880 ALA - SM Bridge to Hegenberger  (Per Mile Tolling) - NB,990881,,,45,5,0.001,EastBay_Outer_PM,EastBay_880680_PM,
NextGenFwy,I-880 ALA - SM Bridge to Hegenberger  (Per Mile Tolling) - SB,990882,,,45,5,0.001,EastBay_Outer_AM,EastBay_880680_AM,
NextGenFwy,I-880 ALA - Dumbarton Bridge to SM Bridge  (Per Mile Tolling) - NB,990883,,,45,5,0.001,EastBay_Outer_PM,EastBay_880680_PM,
NextGenFwy,I-880 ALA - Dumbarton Bridge to SM Bridge  (Per Mile Tolling) - SB,990884,,,45,5,0.001,EastBay_Outer_AM,EastBay_880680_AM,
NextGenFwy,I-880 ALA - SCL County Line to Dumbarton Bridge  (Per Mile Tolling) - NB,990885,,,45,5,0.001,EastBay_Outer_PM,EastBay_880680_PM,
NextGenFwy,I-880 ALA - SCL County Line to Dumbarton Bridge  (Per Mile Tolling) - SB,990886,,,45,5,0.001,EastBay_Outer_AM,EastBay_880680_AM,
NextGenFwy,I-880 SCL - SR237 to ALA County Line  (Per Mile Tolling) - NB,990887,,,45,5,0.001,SouthBay_Inner_PM,SouthBay_Inner_PM,
NextGenFwy,I-880 SCL - SR237 to ALA County Line  (Per Mile Tolling) - SB,990888,,,45,5,0.001,SouthBay_Inner_AM,SouthBay_Inner_AM,
NextGenFwy,I-880 SCL - US101 Interchange to SR237  (Per Mile Tolling) - NB,990889,,,45,5,0.001,SouthBay_Inner_PM,SouthBay_Inner_PM,
NextGenFwy,I-880 SCL - US101 Interchange to SR237  (Per Mile Tolling) - SB,990890,,,45,5,0.001,SouthBay_Inner_AM,SouthBay_Inner_AM,
NextGenFwy,I-880 SCL - I-280 Interchange to US101 Interchange  (Per Mile Tolling) - NB,990891,,,45,5,0.001,SouthBay_Outer_AM,SouthBay_Outer10187_AM,
NextGenFwy,I-880 SCL - I-280 Interchange to US101 Interchange  (Per Mile Tolling) - SB,990892,,,45,5,0.001,SouthBay_Outer_PM,SouthBay_Outer10187_PM,
NextGenFwy,SR92 - US101 to El Camino Real  (Per Mile Tolling) - EB,990923,,,45,5,0.001,SanMateo_PM,SanMateo_101_PM,
NextGenFwy,SR92 - US101 to El Camino Real  (Per Mile Tolling) - WB,990924,,,45,5,0.001,SanMateo_AM,SanMateo_101_AM,
NextGenFwy,SR92 SM - I-280 Interchange to El Camino Real (Per Mile Tolling) - EB,990927,,,45,5,0.001,SanMateo_AM,SanMateo_28092_AM,
NextGenFwy,SR92 SM - I-280 Interchange to El Camino Real (Per Mile Tolling) - WB,990928,,,45,5,0.001,SanMateo_PM,SanMateo_28092_PM,
NextGenFwy,I-980 ALA  (Per Mile Tolling) - NB,990981,,,45,5,0.001,EastBay_Outer_PM,EastBay_68024980_PM,
NextGenFwy,I-980 ALA  (Per Mile Tolling) - SB,990982,,,45,5,0.001,EastBay_Outer_AM,EastBay_68024980_AM,
RTP2025,US101 SM - 2740 San Mateo SB - SB,2740,,Yes,45,5,0.05,#N/A,#N/A,
RTP2025,US101 SM - 2770 Redwood City SB - SB,2770,,Yes,45,5,0.05,#N/A,#N/A,
RTP2025,US101 SM - 2830 San Mateo NB - NB,2830,,Yes,45,5,0.05,#N/A,#N/A,
RTP2025,US101 SM - 2810 Redwood City NB - NB,2810,,Yes,45,5,0.05,#N/A,#N/A,
RTP2025,I-880 - 2340 Union City SB - SB,2340,,Yes,45,5,0.05,#N/A,#N/A,
RTP2025,I-880 - 2320 San Leandro SB - SB,2320,,Yes,45,5,0.05,#N/A,#N/A,
RTP2025,I-880 - 2370 Fremont SB - SB,2370,,Yes,45,5,0.05,#N/A,#N/A,
RTP2025,I-880 - 2450 Union City NB - NB,2450,,Yes,45,5,0.05,#N/A,#N/A,
RTP2025,I-880 - 2420 Fremont NB - NB,2420,,Yes,45,5,0.05,#N/A,#N/A,
RTP2025,I-680 - 2120 Walnut Creek SB - SB,2120,,Yes,45,5,0.05,#N/A,#N/A,
RTP2025,I-680 - 2130 San Ramon SB - SB,2130,,Yes,45,5,0.05,#N/A,#N/A,
RTP2025,I-680 - 2230 San Ramon NB - NB,2230,,Yes,45,5,0.05,#N/A,#N/A,
RTP2025,US101 - SR25 to Dunne - NB,1010309,,Yes,45,5,0.05,#N/A,#N/A,EXP_SC_101_Dunne_to_SR25
RTP2025,US101 - SR25 to Dunne - SB,1010310,,Yes,45,5,0.05,#N/A,#N/A,EXP_SC_101_Dunne_to_SR25
RTP2025,I-80 - I-505 to Yolo County Line - EB,800601,,Yes,45,5,0.05,#N/A,#N/A,EXP_SL_I80_I505_to_Yolo
RTP2025,I-80 - I-505 to Yolo County Line - EB,800602,,Yes,45,5,0.05,#N/A,#N/A,EXP_SL_I80_I505_to_Yolo
NextGenFwyR2,RouteNum*10000 + CountyNum*100 + SegmentNum,800501,,Yes,45,5,0.05,,,
NextGenFwyR2,RouteNum*10000 + CountyNum*100 + SegmentNum,800502,,Yes,45,5,0.05,,,
NextGenFwyR2,RouteNum*10000 + CountyNum*100 + SegmentNum,800503,,Yes,45,5,0.05,,,
NextGenFwyR2,RouteNum*10000 + CountyNum*100 + SegmentNum,800603,,Yes,45,5,0.05,,,
NextGenFwyR2,RouteNum*10000 + CountyNum*100 + SegmentNum,800504,,Yes,45,5,0.05,,,
NextGenFwyR2,RouteNum*10000 + CountyNum*100 + SegmentNum,800604,,Yes,45,5,0.05,,,
NextGenFwyR2,RouteNum*10000 + CountyNum*100 + SegmentNum,1010305,,Yes,45,5,0.05,,,
NextGenFwyR2,RouteNum*10000 + CountyNum*100 + SegmentNum,1010306,,Yes,45,5,0.05,,,
NextGenFwyR2,RouteNum*10000 + CountyNum*100 + SegmentNum,1010307,,Yes,45,5,0.05,,,
NextGenFwyR2,RouteNum*10000 + CountyNum*100 + SegmentNum,1010308,,Yes,45,5,0.05,,,
NextGenFwyR2,RouteNum*10000 + CountyNum*100 + SegmentNum,2800308,,Yes,45,5,0.05,,,
NextGenFwyR2,RouteNum*10000 + CountyNum*100 + SegmentNum,2800309,,Yes,45,5,0.05,,,
NextGenFwyR2,RouteNum*10000 + CountyNum*100 + SegmentNum,2800310,,Yes,45,5,0.05,,,
NextGenFwyR2,RouteNum*10000 + CountyNum*100 + SegmentNum,2800311,,Yes,45,5,0.05,,,
NextGenFwyR2,RouteNum*10000 + CountyNum*100 + SegmentNum,2800312,,Yes,45,5,0.05,,,
NextGenFwyR2,RouteNum*10000 + CountyNum*100 + SegmentNum,2800313,,Yes,45,5,0.05,,,
NextGenFwyR2,RouteNum*10000 + CountyNum*100 + SegmentNum,2800314,,Yes,45,5,0.05,,,
NextGenFwyR2,RouteNum*10000 + CountyNum*100 + SegmentNum,2800315,,Yes,45,5,0.05,,,
NextGenFwyR2,RouteNum*10000 + CountyNum*100 + SegmentNum,40516,,Yes,45,5,0.05,,,
NextGenFwyR2,RouteNum*10000 + CountyNum*100 + SegmentNum,40517,,Yes,45,5,0.05,,,
NextGenFwyR2,RouteNum*10000 + CountyNum*100 + SegmentNum,40518,,Yes,45,5,0.05,,,
NextGenFwyR2,RouteNum*10000 + CountyNum*100 + SegmentNum,40519,,Yes,45,5,0.05,,,
NextGenFwyR2,RouteNum*10000 + CountyNum*100 + SegmentNum,5800420,,Yes,45,5,0.05,,,
NextGenFwyR2,RouteNum*10000 + CountyNum*100 + SegmentNum,5800421,,Yes,45,5,0.05,,,
NextGenFwyR2,RouteNum*10000 + CountyNum*100 + SegmentNum,5800422,,Yes,45,5,0.05,,,
NextGenFwyR2,RouteNum*10000 + CountyNum*100 + SegmentNum,5800423,,Yes,45,5,0.05,,,
NextGenFwyR2,RouteNum*10000 + CountyNum*100 + SegmentNum,5800424,,Yes,45,5,0.05,,,
NextGenFwyR2,RouteNum*10000 + CountyNum*100 + SegmentNum,5800425,,Yes,45,5,0.05,,,
NextGenFwyR2,RouteNum*10000 + CountyNum*100 + SegmentNum,5800426,,Yes,45,5,0.05,,,
NextGenFwyR2,RouteNum*10000 + CountyNum*100 + SegmentNum,5800427,,Yes,45,5,0.05,,,
NextGenFwyR2,RouteNum*10000 + CountyNum*100 + SegmentNum,6800530,,Yes,45,5,0.05,,,
NextGenFwyR2,RouteNum*10000 + CountyNum*100 + SegmentNum,6800531,,Yes,45,5,0.05,,,
NextGenFwyR2,RouteNum*10000 + CountyNum*100 + SegmentNum,6800532,,Yes,45,5,0.05,,,
NextGenFwyR2,RouteNum*10000 + CountyNum*100 + SegmentNum,6800533,,Yes,45,5,0.05,,,
NextGenFwyR2,RouteNum*10000 + CountyNum*100 + SegmentNum,6800330,,Yes,45,5,0.05,,,
NextGenFwyR2,RouteNum*10000 + CountyNum*100 + SegmentNum,850331,,Yes,45,5,0.05,,,
NextGenFwyR2,RouteNum*10000 + CountyNum*100 + SegmentNum,850332,,Yes,45,5,0.05,,,
NextGenFwyR2,RouteNum*10000 + CountyNum*100 + SegmentNum,850333,,Yes,45,5,0.05,,,
NextGenFwyR2,RouteNum*10000 + CountyNum*100 + SegmentNum,850334,,Yes,45,5,0.05,,,
NextGenFwyR2,RouteNum*10000 + CountyNum*100 + SegmentNum,870335,,Yes,45,5,0.05,,,
NextGenFwyR2,RouteNum*10000 + CountyNum*100 + SegmentNum,870336,,Yes,45,5,0.05,,,
NextGenFwyR2,RouteNum*10000 + CountyNum*100 + SegmentNum,870337,,Yes,45,5,0.05,,,
NextGenFwyR2,RouteNum*10000 + CountyNum*100 + SegmentNum,870338,,Yes,45,5,0.05,,,
NextGenFwyR2,RouteNum*10000 + CountyNum*100 + SegmentNum,8800439,,Yes,45,5,0.05,,,
NextGenFwyR2,RouteNum*10000 + CountyNum*100 + SegmentNum,8800440,,Yes,45,5,0.05,,,
NextGenFwyR2,RouteNum*10000 + CountyNum*100 + SegmentNum,8800441,,Yes,45,5,0.05,,,
NextGenFwyR2,RouteNum*10000 + CountyNum*100 + SegmentNum,8800442,,Yes,45,5,0.05,,,
NextGenFwyR2,RouteNum*10000 + CountyNum*100 + SegmentNum,8800443,,Yes,45,5,0.05,,,
NextGenFwyR2,RouteNum*10000 + CountyNum*100 + SegmentNum,6800544,,Yes,45,5,0.05,,,
NextGenFwyR2,RouteNum*10000 + CountyNum*100 + SegmentNum,6800545,,Yes,45,5,0.05,,,
NextGenFwyR2,RouteNum*10000 + CountyNum*100 + SegmentNum,8800446,,Yes,45,5,0.05,,,
NextGenFwyR2,RouteNum*10000 + CountyNum*100 + SegmentNum,8800447,,Yes,45,5,0.05,,,
NextGenFwyR2,RouteNum*10000 + CountyNum*100 + SegmentNum,8800448,,Yes,45,5,0.05,,,
NextGenFwyR2,RouteNum*10000 + CountyNum*100 + SegmentNum,8800349,,Yes,45,5,0.05,,,
NextGenFwyR2,RouteNum*10000 + CountyNum*100 + SegmentNum,8800449,,Yes,45,5,0.05,,,
NextGenFwyR2,RouteNum*10000 + CountyNum*100 + SegmentNum,8800450,,Yes,45,5,0.05,,,
NextGenFwyR2,RouteNum*10000 + CountyNum*100 + SegmentNum,8800351,,Yes,45,5,0.05,,,
NextGenFwyR2,RouteNum*10000 + CountyNum*100 + SegmentNum,8800451,,Yes,45,5,0.05,,,
NextGenFwyR2,RouteNum*10000 + CountyNum*100 + SegmentNum,8800452,,Yes,45,5,0.05,,,
NextGenFwyR2,RouteNum*10000 + CountyNum*100 + SegmentNum,1010253,,Yes,45,5,0.05,,,
NextGenFwyR2,RouteNum*10000 + CountyNum*100 + SegmentNum,1010254,,Yes,45,5,0.05,,,
NextGenFwyR2,RouteNum*10000 + CountyNum*100 + SegmentNum,1010255,,Yes,45,5,0.05,,,
NextGenFwyR2,RouteNum*10000 + CountyNum*100 + SegmentNum,1010256,,Yes,45,5,0.05,,,
NextGenFwyR2,RouteNum*10000 + CountyNum*100 + SegmentNum,1010356,,Yes,45,5,0.05,,,
NextGenFwyR2,RouteNum*10000 + CountyNum*100 + SegmentNum,1010257,,Yes,45,5,0.05,,,
NextGenFwyR2,RouteNum*10000 + CountyNum*100 + SegmentNum,1010258,,Yes,45,5,0.05,,,
NextGenFwyR2,RouteNum*10000 + CountyNum*100 + SegmentNum,1010259,,Yes,45,5,0.05,,,
NextGenFwyR2,RouteNum*10000 + CountyNum*100 + SegmentNum,1010260,,Yes,45,5,0.05,,,
NextGenFwyR2,Generic all-lane-tolling,999999,,Yes,45,5,0.05,,,
NextGenFwyR2 - P8,US-101 in Sonoma North,1010801,,Yes,45,5,0.05,,,
NextGenFwyR2 - P9,US-101 in Sonoma South,1010803,,Yes,45,5,0.05,,,
NextGenFwyR2 - P10,US-101 in Marin North,1010901,,Yes,45,5,0.05,,,
NextGenFwyR2 - P11,US-101 in Marin South,1010903,,Yes,45,5,0.05,,,
NextGenFwyR2 - P13,NA,800404,,Yes,45,5,0.05,,,
NextGenFwyR2 - P14,I-580 in Contra Costa West,5800504,,Yes,45,5,0.05,,,
NextGenFwyR2 - P15,NA,1600501,,Yes,45,5,0.05,,,
NextGenFwyR2 - P16,SR92 in San Mateo East,920202,,Yes,45,5,0.05,,,
NextGenFwyR2 - P17,SR92 in San Mateo ,920204,,Yes,45,5,0.05,,,
NextGenFwyR2 - P18,NA,201,,Yes,45,5,0.05,,,
NextGenFwyR2,RouteNum*10000 + CountyNum*100 + SegmentNum,1010001,,Yes,45,5,0.05,,,
